Hotel_id,Checkin,Checkout
18482,2023-10-30,2023-10-31
18482,2023-10-31,2023-11-01
18482,2023-11-01,2023-11-02
18482,2023-11-02,2023-11-03
18482,2023-11-03,2023-11-04
18482,2023-11-04,2023-11-05
18482,2023-11-05,2023-11-06
18482,2023-11-06,2023-11-07
18482,2023-11-07,2023-11-08
18482,2023-11-08,2023-11-09
18482,2023-11-09,2023-11-10
18482,2023-11-10,2023-11-11
18482,2023-11-11,2023-11-12
18482,2023-11-12,2023-11-13
18482,2023-11-13,2023-11-14
18482,2023-11-14,2023-11-15
18482,2023-11-15,2023-11-16
18482,2023-11-16,2023-11-17
18482,2023-11-17,2023-11-18
18482,2023-11-18,2023-11-19
18482,2023-11-19,2023-11-20
18482,2023-11-20,2023-11-21
18482,2023-11-21,2023-11-22
18482,2023-11-22,2023-11-23
18482,2023-11-23,2023-11-24
18483,2023-10-30,2023-10-31
18483,2023-10-31,2023-11-01
18483,2023-11-01,2023-11-02
18483,2023-11-02,2023-11-03
18483,2023-11-03,2023-11-04
18483,2023-11-04,2023-11-05
18483,2023-11-05,2023-11-06
18483,2023-11-06,2023-11-07
18483,2023-11-07,2023-11-08
18483,2023-11-08,2023-11-09
18483,2023-11-09,2023-11-10
18483,2023-11-10,2023-11-11
18483,2023-11-11,2023-11-12
18483,2023-11-12,2023-11-13
18483,2023-11-13,2023-11-14
18483,2023-11-14,2023-11-15
18483,2023-11-15,2023-11-16
18483,2023-11-16,2023-11-17
18483,2023-11-17,2023-11-18
18483,2023-11-18,2023-11-19
18483,2023-11-19,2023-11-20
18483,2023-11-20,2023-11-21
18483,2023-11-21,2023-11-22
18483,2023-11-22,2023-11-23
18483,2023-11-23,2023-11-24
18484,2023-10-30,2023-10-31
18484,2023-10-31,2023-11-01
18484,2023-11-01,2023-11-02
18484,2023-11-02,2023-11-03
18484,2023-11-03,2023-11-04
18484,2023-11-04,2023-11-05
18484,2023-11-05,2023-11-06
18484,2023-11-06,2023-11-07
18484,2023-11-07,2023-11-08
18484,2023-11-08,2023-11-09
18484,2023-11-09,2023-11-10
18484,2023-11-10,2023-11-11
18484,2023-11-11,2023-11-12
18484,2023-11-12,2023-11-13
18484,2023-11-13,2023-11-14
18484,2023-11-14,2023-11-15
18484,2023-11-15,2023-11-16
18484,2023-11-16,2023-11-17
18484,2023-11-17,2023-11-18
18484,2023-11-18,2023-11-19
18484,2023-11-19,2023-11-20
18484,2023-11-20,2023-11-21
18484,2023-11-21,2023-11-22
18484,2023-11-22,2023-11-23
18484,2023-11-23,2023-11-24
18485,2023-10-30,2023-10-31
18485,2023-10-31,2023-11-01
18485,2023-11-01,2023-11-02
18485,2023-11-02,2023-11-03
18485,2023-11-03,2023-11-04
18485,2023-11-04,2023-11-05
18485,2023-11-05,2023-11-06
18485,2023-11-06,2023-11-07
18485,2023-11-07,2023-11-08
18485,2023-11-08,2023-11-09
18485,2023-11-09,2023-11-10
18485,2023-11-10,2023-11-11
18485,2023-11-11,2023-11-12
18485,2023-11-12,2023-11-13
18485,2023-11-13,2023-11-14
18485,2023-11-14,2023-11-15
18485,2023-11-15,2023-11-16
18485,2023-11-16,2023-11-17
18485,2023-11-17,2023-11-18
18485,2023-11-18,2023-11-19
18485,2023-11-19,2023-11-20
18485,2023-11-20,2023-11-21
18485,2023-11-21,2023-11-22
18485,2023-11-22,2023-11-23
18485,2023-11-23,2023-11-24
18486,2023-10-30,2023-10-31
18486,2023-10-31,2023-11-01
18486,2023-11-01,2023-11-02
18486,2023-11-02,2023-11-03
18486,2023-11-03,2023-11-04
18486,2023-11-04,2023-11-05
18486,2023-11-05,2023-11-06
18486,2023-11-06,2023-11-07
18486,2023-11-07,2023-11-08
18486,2023-11-08,2023-11-09
18486,2023-11-09,2023-11-10
18486,2023-11-10,2023-11-11
18486,2023-11-11,2023-11-12
18486,2023-11-12,2023-11-13
18486,2023-11-13,2023-11-14
18486,2023-11-14,2023-11-15
18486,2023-11-15,2023-11-16
18486,2023-11-16,2023-11-17
18486,2023-11-17,2023-11-18
18486,2023-11-18,2023-11-19
18486,2023-11-19,2023-11-20
18486,2023-11-20,2023-11-21
18486,2023-11-21,2023-11-22
18486,2023-11-22,2023-11-23
18486,2023-11-23,2023-11-24
